in[0], 0.0,
in[1], 9.813536,
in[2], 19.603428,
in[3], 29.346094,
in[4], 39.018066,
in[5], 48.59604,
in[6], 58.056934,
in[7], 67.377975,
in[8], 76.53668,
in[9], 85.51102,
in[10], 94.27935,
in[11], 102.82055,
in[12], 111.11405,
in[13], 119.13986,
in[14], 126.87867,
in[15], 134.3118,
in[16], 141.42136,
in[17], 148.19023,
in[18], 154.60208,
in[19], 160.64151,
in[20], 166.29393,
in[21], 171.54573,
in[22], 176.38426,
in[23], 180.79787,
in[24], 184.7759,
in[25], 188.3088,
in[26], 191.38808,
in[27], 194.00626,
in[28], 196.15706,
in[29], 197.8353,
in[30], 199.03694,
in[31], 199.7591,
in[32], 200.0,
in[33], 199.7591,
in[34], 199.03694,
in[35], 197.8353,
in[36], 196.15704,
in[37], 194.00626,
in[38], 191.38806,
in[39], 188.3088,
in[40], 184.7759,
in[41], 180.79787,
in[42], 176.38425,
in[43], 171.54572,
in[44], 166.29391,
in[45], 160.64151,
in[46], 154.6021,
in[47], 148.19022,
in[48], 141.42136,
in[49], 134.31177,
in[50], 126.878654,
in[51], 119.139824,
in[52], 111.11404,
in[53], 102.82055,
in[54], 94.27933,
in[55], 85.51101,
in[56], 76.53665,
in[57], 67.37795,
in[58], 58.05694,
in[59], 48.596016,
in[60], 39.018063,
in[61], 29.346067,
in[62], 19.60342,
in[63], 9.813498,
in[64], -1.7484557E-5,
in[65], -9.813533,
in[66], -19.603453,
in[67], -29.3461,
in[68], -39.018097,
in[69], -48.596046,
in[70], -58.056976,
in[71], -67.37799,
in[72], -76.53668,
in[73], -85.51105,
in[74], -94.27936,
in[75], -102.82057,
in[76], -111.11406,
in[77], -119.13986,
in[78], -126.87868,
in[79], -134.3118,
in[80], -141.42137,
in[81], -148.19023,
in[82], -154.60208,
in[83], -160.64151,
in[84], -166.29396,
in[85], -171.54572,
in[86], -176.38426,
in[87], -180.79788,
in[88], -184.77594,
in[89], -188.3088,
in[90], -191.38808,
in[91], -194.00627,
in[92], -196.15704,
in[93], -197.8353,
in[94], -199.03694,
in[95], -199.7591,
in[96], -200.0,
in[97], -199.7591,
in[98], -199.03694,
in[99], -197.8353,
in[100], -196.15704,
in[101], -194.00624,
in[102], -191.38805,
in[103], -188.3088,
in[104], -184.7759,
in[105], -180.79782,
in[106], -176.38426,
in[107], -171.54572,
in[108], -166.2939,
in[109], -160.64151,
in[110], -154.60208,
in[111], -148.1902,
in[112], -141.42131,
in[113], -134.3118,
in[114], -126.87865,
in[115], -119.13982,
in[116], -111.11406,
in[117], -102.82054,
in[118], -94.27931,
in[119], -85.510956,
in[120], -76.53668,
in[121], -67.377945,
in[122], -58.056877,
in[123], -48.596046,
in[124], -39.018047,
in[125], -29.346048,
in[126], -19.603354,
in[127], -9.813528,
in[128], 3.4969114E-5,
in[129], 9.813598,
in[130], 19.603424,
in[131], 29.346117,
in[132], 39.018116,
in[133], 48.596115,
in[134], 58.056946,
in[135], 67.378006,
in[136], 76.53675,
in[137], 85.51102,
in[138], 94.27937,
in[139], 102.8206,
in[140], 111.11412,
in[141], 119.13988,
in[142], 126.87869,
in[143], 134.31184,
in[144], 141.42136,
in[145], 148.19025,
in[146], 154.60213,
in[147], 160.64156,
in[148], 166.29393,
in[149], 171.54575,
in[150], 176.3843,
in[151], 180.79787,
in[152], 184.77592,
in[153], 188.30884,
in[154], 191.38808,
in[155], 194.00626,
in[156], 196.15706,
in[157], 197.83531,
in[158], 199.03694,
in[159], 199.7591,
in[160], 200.0,
in[161], 199.7591,
in[162], 199.03694,
in[163], 197.8353,
in[164], 196.15706,
in[165], 194.00626,
in[166], 191.38806,
in[167], 188.30879,
in[168], 184.77586,
in[169], 180.7978,
in[170], 176.38428,
in[171], 171.54573,
in[172], 166.29391,
in[173], 160.64148,
in[174], 154.60204,
in[175], 148.19016,
in[176], 141.42126,
in[177], 134.31181,
in[178], 126.878654,
in[179], 119.13984,
in[180], 111.114,
in[181], 102.82048,
in[182], 94.27925,
in[183], 85.510895,
in[184], 76.53671,
in[185], 67.37797,
in[186], 58.056908,
in[187], 48.59598,
in[188], 39.017982,
in[189], 29.345984,
in[190], 19.60329,
in[191], 9.813559,
in[192], -4.7699523E-6,
in[193], -9.813567,
in[194], -19.603487,
in[195], -29.346184,
in[196], -39.018177,
in[197], -48.596176,
in[198], -58.056915,
in[199], -67.377975,
in[200], -76.53672,
in[201], -85.51108,
in[202], -94.279434,
in[203], -102.82065,
in[204], -111.11417,
in[205], -119.13985,
in[206], -126.87867,
in[207], -134.31181,
in[208], -141.4214,
in[209], -148.19028,
in[210], -154.60217,
in[211], -160.6416,
in[212], -166.29391,
in[213], -171.54573,
in[214], -176.38428,
in[215], -180.79788,
in[216], -184.77596,
in[217], -188.30885,
in[218], -191.38806,
in[219], -194.00626,
in[220], -196.15706,
in[221], -197.83531,
in[222], -199.03696,
in[223], -199.7591,
in[224], -200.0,
in[225], -199.7591,
in[226], -199.03694,
in[227], -197.8353,
in[228], -196.15704,
in[229], -194.00623,
in[230], -191.38803,
in[231], -188.30876,
in[232], -184.77591,
in[233], -180.79787,
in[234], -176.38423,
in[235], -171.5457,
in[236], -166.29387,
in[237], -160.64145,
in[238], -154.602,
in[239], -148.19023,
in[240], -141.42134,
in[241], -134.31175,
in[242], -126.87861,
in[243], -119.13979,
in[244], -111.11395,
in[245], -102.82042,
in[246], -94.27936,
in[247], -85.51101,
in[248], -76.53665,
in[249], -67.37791,
in[250], -58.056843,
in[251], -48.595917,
in[252], -39.017918,
in[253], -29.346107,
in[254], -19.603415,
in[255], -9.813493,
